,0,1,2,3
0,random,0.01,-0.007961588,0.002591629059782447
0,lime,0.01,-0.11933833,0.01081372017997484
0,shap,0.01,-0.39564553,0.015720561400900446
0,lrp,0.01,-0.23387763,0.01348727025361407
0,attention,0.01,-0.005299152,0.0027396793286093707
0,random,0.05,-0.038446214,0.00598914700188688
0,lime,0.05,-0.22455049,0.01386807524364364
0,shap,0.05,-0.6835131,0.014244944281973426
0,lrp,0.05,-0.40251482,0.015396791122797293
0,attention,0.05,-0.06350962,0.0075695003499037655
0,random,0.1,-0.070705816,0.008009177753251981
0,lime,0.1,-0.28373408,0.014907749678462034
0,shap,0.1,-0.7407828,0.01309120929305252
0,lrp,0.1,-0.42821988,0.015599240956169713
0,attention,0.1,-0.10809842,0.009644661588675774
